niche,anneau,nom,ville,site,telephone,note_google,nb_avis,source
2-Shopify/ecommerce,A,Boutique Fémini,Sainte-Marie,https://boutiquefemini.com/,+1 418-387-7605,4.6,27,maps:boutique en ligne
2-Shopify/ecommerce,A,Boutique Mariemode,Sainte-Marie,http://boutiquemariemode.com/,+1 418-387-6515,4.8,32,maps:boutique en ligne
2-Shopify/ecommerce,A,Pronature Sainte-Marie - Chasse et pêche,Sainte-Marie,http://www.boutiquechasseetpeche.ca/,+1 418-386-5885,4.7,192,maps:boutique en ligne
2-Shopify/ecommerce,A,Multi Musique,Sainte-Marie,https://multimusique.ca/boutique/,+1 418-387-4586,4.9,96,maps:boutique en ligne
2-Shopify/ecommerce,A,Création Lika,Sainte-Marie,http://www.creationlika.com/,+1 418-209-1775,4.2,6,maps:boutique en ligne
2-Shopify/ecommerce,A,Lemercier Sainte-Marie,Sainte-Marie,http://www.lemerciersm.com/,+1 418-387-4560,4.8,40,maps:boutique en ligne
2-Shopify/ecommerce,A,Collection Loucas,Sainte-Marie,http://www.loucas.ca/,+1 418-387-3611,4.6,32,maps:boutique en ligne
2-Shopify/ecommerce,A,Hortibeauce Centre Jardin BOTANIX,Sainte-Marie,https://www.hortibeauce.com/,+1 418-387-7595,4.6,269,maps:boutique en ligne
2-Shopify/ecommerce,A,Boutique Le Pentagone Inc,Sainte-Marie,https://www.pentagone.com/,+1 418-387-8244,4.4,11,maps:boutique en ligne
1-IA/tech/SaaS/agences,A,Revtech Systèmes,Sainte-Marie,http://revtechsys.com/,+1 418-446-1413,,,maps:entreprise de logiciel
1-IA/tech/SaaS/agences,A,Solutions GA,Sainte-Marie,http://www.solutionsga.net/,+1 418-386-3757,4.0,36,maps:entreprise de logiciel
1-IA/tech/SaaS/agences,A,SoluScan 3D,Sainte-Marie,http://www.soluscan3d.com/,+1 418-933-0396,5.0,34,maps:entreprise de logiciel
1-IA/tech/SaaS/agences,A,Monument - Agence créative multidisciplinaire,Sainte-Marie,https://agencemonument.com/,+1 418-387-4781,4.6,11,maps:agence web
1-IA/tech/SaaS/agences,A,Zonart Communications,Sainte-Marie,https://www.zonart.ca/,+1 418-387-4817,4.8,16,maps:agence web
1-IA/tech/SaaS/agences,A,Groupe Panican inc.,Sainte-Marie,http://www.groupepanican.com/,+1 418-386-4444,4.7,21,maps:agence web
1-IA/tech/SaaS/agences,A,SCALE,Sainte-Marie,https://chezscale.com/,+1 418-800-0036,5.0,7,maps:agence web
1-IA/tech/SaaS/agences,A,Conception création site internet Québec Lévis Beauce,Sainte-Marie,http://internet-quebec.ca/,+1 418-386-0655,,,maps:agence web
1-IA/tech/SaaS/agences,A,Arvoris,Sainte-Marie,,+1 418-420-0073,,,maps:agence web
5-Soins/RPA/EÉSAD,A,Jardins de la Falaise (Les),Sainte-Marie,,+1 418-386-1485,,,maps:résidence pour aînés
5-Soins/RPA/EÉSAD,A,Résidence Château Sainte-Marie (Cogir),Sainte-Marie,https://residencescogir.com/residences-aines-sainte-marie/chateau-sainte-marie/,+1 418-387-4623,3.9,7,maps:résidence pour aînés
5-Soins/RPA/EÉSAD,A,Groupe Château Bellevue (siège social),Sainte-Marie,http://www.chateaubellevue.ca/,(888) 839-5950,4.0,4,maps:soins à domicile
5-Soins/RPA/EÉSAD,A,Coopérative de Services à Domicile Beauce-Nord (EÉSAD),Saint-Joseph-de-Beauce,https://www.vivreadomicile.com/,+1 418-397-8283,5.0,7,maps:soins à domicile
5-Soins/RPA/EÉSAD,A,Résidence Le Petit château,Saint-Joseph-de-Beauce,https://www.residencelepetitchateau.com/,+1 418-397-1777,,,maps:résidence pour aînés
5-Soins/RPA/EÉSAD,A,Villa du Moulin,Saint-Joseph-de-Beauce,https://villadumoulin.com/,+1 418-397-5400,2.9,8,maps:résidence pour aînés
5-Soins/RPA/EÉSAD,A,Résidence O. Roy,Saint-Joseph-de-Beauce,,+1 418-397-6817,3.8,4,maps:résidence pour aînés
5-Soins/RPA/EÉSAD,A,La Villa du Cap,Vallée-Jonction,https://lavilladucap.ca/,+1 581-225-8222,,,maps:résidence pour aînés
2-Shopify/ecommerce,A,Mode Carsy,Saint-Joseph-de-Beauce,https://modecarsy.com/,+1 418-397-4626,4.9,102,maps:boutique en ligne
2-Shopify/ecommerce,A,Mes Souliers Chéris,Saint-Joseph-de-Beauce,http://www.messoulierscheris.com/,+1 418-397-2012,4.9,120,maps:boutique en ligne
2-Shopify/ecommerce,A,K5 Clothing & Accessories,Vallée-Jonction,https://k5clothing.com/,+1 819-460-1653,4.9,19,maps:boutique en ligne
2-Shopify/ecommerce,A,Fromagerie Gilbert Inc,Saint-Joseph-de-Beauce,http://fromageriegilbert.net/,+1 418-397-5622,4.7,363,maps:boutique en ligne
1-IA/tech/SaaS/agences,A,Autocarro,Saint-Joseph-de-Beauce,https://autocarro.ca/,+1 581-999-4114,,,maps:entreprise de logiciel
1-IA/tech/SaaS/agences,A,Matrixcel,Saint-Joseph-de-Beauce,https://matrixcel.com/,+1 418-389-9252,5.0,5,maps:entreprise de logiciel
1-IA/tech/SaaS/agences,A,Lojik Informatique inc.,Vallée-Jonction,https://www.lojik.ca/,+1 418-389-5090,,,maps:entreprise de logiciel
5-Soins/RPA/EÉSAD,A,Coopérative Aide Chez Soi en Beauce (EÉSAD),Saint-Georges,https://www.vivreadomicile.com/,+1 418-225-9144,4.9,14,maps:soins à domicile
5-Soins/RPA/EÉSAD,A,Clinique Santé Plus (S.E.N.C.),Saint-Georges,http://www.clinique-santeplus.com/,+1 418-221-7795,5.0,4,maps:soins à domicile
5-Soins/RPA/EÉSAD,A,ImproSanté,Saint-Georges,http://improsante.com/,+1 581-777-7328,,,maps:soins à domicile
5-Soins/RPA/EÉSAD,A,Résidence le Campagnard (Eben),Saint-Georges,https://www.ebenresidences.ca/residence-le-campagnard,+1 418-227-3082,5.0,5,maps:résidence pour aînés
5-Soins/RPA/EÉSAD,A,Résidence L'Atrium Inc (Eben),Saint-Georges,https://www.ebenresidences.ca/residence-de-l-atrium,+1 418-227-1950,4.9,8,maps:résidence pour aînés
5-Soins/RPA/EÉSAD,A,Le Manoir du Quartier,Saint-Georges,http://www.manoirduquartier.com/,+1 418-227-8080,4.5,15,maps:résidence pour aînés
5-Soins/RPA/EÉSAD,A,Résidence pour aînés des Bâtisseurs Saint-Georges,Saint-Georges,https://batisseurs.ca/residence/saint-georges/,+1 418-227-3311,4.9,40,maps:résidence pour aînés
5-Soins/RPA/EÉSAD,A,Résidence L'Oiseau Bleu (Cogir),Saint-Georges,https://residencescogir.com/residences-aines-saint-georges/loiseau-bleu/,+1 418-228-2200,4.0,10,maps:résidence pour aînés
5-Soins/RPA/EÉSAD,A,La Seigneurie du Jasmin,Saint-Georges,,+1 581-745-1088,1.7,3,maps:résidence pour aînés
4-Placement,A,Acces-Emploi Beauce Etchemins,Saint-Georges,,+1 418-228-0065,,,maps:agence de placement de personnel
4-Placement,A,Cameron Ressources Humaines,Saint-Georges,https://www.cameronrh.com/,+1 418-228-5008,4.7,14,maps:agence de placement de personnel
4-Placement,A,PME Partenaires,Saint-Georges,https://www.pmepartenaires.com/,+1 418-228-2055,,,maps:agence de placement de personnel
1-IA/tech/SaaS/agences,A,Logiciel Servex Inc,Saint-Georges,http://www.servex.ca/,(800) 522-0655,4.9,157,maps:entreprise de logiciel
1-IA/tech/SaaS/agences,A,N'ware Technologies,Saint-Georges,http://www.nwaretech.com/,+1 418-227-4292,4.7,9,maps:entreprise de logiciel
1-IA/tech/SaaS/agences,A,CDID Inc (Prextra),Saint-Georges,http://www.prextra.com/,+1 418-227-7767,4.9,21,maps:entreprise de logiciel
1-IA/tech/SaaS/agences,A,Solutions Effecto Inc.,Saint-Georges,https://www.effecto.ca/,+1 418-227-2630,5.0,1,maps:entreprise de logiciel
1-IA/tech/SaaS/agences,A,Génisys Groupe Conseil Inc,Saint-Georges,https://genisys.solutions/,+1 418-871-0301,,,maps:entreprise de logiciel
1-IA/tech/SaaS/agences,A,COGITEOS Numérique Inc.,Saint-Georges,https://www.cogiteos.com/,+1 418-253-0050,,,maps:entreprise de logiciel
1-IA/tech/SaaS/agences,A,ERP.360,Saint-Georges,http://erps360.com/,+1 581-372-0101,,,maps:entreprise de logiciel
1-IA/tech/SaaS/agences,A,PROLOGIC+ INC.,Saint-Georges,http://www.prologicplus.com/,+1 418-227-4303,,,maps:entreprise de logiciel
1-IA/tech/SaaS/agences,A,Matiss,Saint-Georges,http://www.matiss.com/,+1 418-227-9141,5.0,8,maps:entreprise de logiciel
1-IA/tech/SaaS/agences,A,LogiAction,Saint-Georges,http://www.logiaction.com/,+1 418-228-5866,5.0,2,maps:entreprise de logiciel
1-IA/tech/SaaS/agences,A,Ubéo solutions web,Saint-Georges,https://www.ubeo.ca/,+1 418-221-7688,5.0,32,maps:agence web
1-IA/tech/SaaS/agences,A,La boîte.,Saint-Georges,https://agencelaboite.com/,+1 418-228-0699,5.0,15,maps:agence web
1-IA/tech/SaaS/agences,A,Net.Créative,Saint-Georges,https://netcreative.ca/,+1 418-226-9087,,,maps:agence web
1-IA/tech/SaaS/agences,A,Insignis Création,Saint-Georges,https://insigniscreation.com/,+1 581-761-1443,,,maps:agence web
1-IA/tech/SaaS/agences,A,iClic inc.,Saint-Georges,http://www.iclic.ca/,+1 418-222-5515,4.6,10,maps:agence web
1-IA/tech/SaaS/agences,A,Publio,Saint-Georges,https://www.publio.ca/,+1 418-228-3000,5.0,3,maps:agence web
1-IA/tech/SaaS/agences,A,Exaweb Inc.,Saint-Georges,http://www.exaweb.ca/,+1 418-221-7754,,,maps:agence web
1-IA/tech/SaaS/agences,A,Thibault Communication Marketing,Saint-Georges,http://www.thibaultmarketing.com/,+1 418-222-2392,5.0,1,maps:agence web
1-IA/tech/SaaS/agences,A,Media Marketing Quebec,Saint-Georges,https://mediamarketingquebec.com/,+1 418-313-8231,5.0,2,maps:agence web
2-Shopify/ecommerce,A,KaseMe,Saint-Georges,http://www.kasemedesign.ca/,,4.8,2409,maps:boutique en ligne
2-Shopify/ecommerce,A,Savonnerie Histoire de Bulles,Saint-Georges,http://www.histoiredebulles.com/,+1 418-228-1811,4.7,88,maps:boutique en ligne
2-Shopify/ecommerce,A,Boutique Cayo Coco,Saint-Georges,http://www.boutiquecayococo.com/,+1 418-222-0203,4.7,88,maps:boutique en ligne
2-Shopify/ecommerce,A,Boutique VICKIE,Saint-Georges,http://www.boutiquevickie.com/,+1 418-228-9822,4.9,48,maps:boutique en ligne
2-Shopify/ecommerce,A,Boutique PICOLO Collection,Saint-Georges,https://www.boutiquepicolo.com/,+1 418-228-9109,4.9,9,maps:boutique en ligne
2-Shopify/ecommerce,A,Créations L'artis-Anna,Saint-Georges,http://www.creationslartis-anna.ca/,+1 418-222-6065,4.9,35,maps:boutique en ligne
2-Shopify/ecommerce,A,Dragon Pourpre,Saint-Georges,https://www.dragonpourpre.com/,+1 581-825-0453,4.8,18,maps:boutique en ligne
2-Shopify/ecommerce,A,Spécialiste du Travailleur Inc,Saint-Georges,https://specialistedutravailleur.com/,+1 418-228-7676,4.8,48,maps:boutique en ligne
2-Shopify/ecommerce,A,Ambiance Sports,Saint-Georges,http://www.ambiancesports.com/,+1 418-228-0388,4.8,176,maps:boutique en ligne
2-Shopify/ecommerce,A,Boutique Anabel,Saint-Georges,http://www.boutiqueanabel.com/,+1 418-228-3236,4.7,15,maps:boutique en ligne
2-Shopify/ecommerce,A,Boutique Nuits D'Amour,Saint-Georges,https://www.boutiquenuitsdamour.com/,+1 418-228-7131,4.4,20,maps:boutique en ligne
2-Shopify/ecommerce,A,Place Bureau Inc. Jeux et jouets,Saint-Georges,https://www.placebureau.com/,+1 418-228-8080,4.4,205,maps:boutique en ligne
2-Shopify/ecommerce,A,Mode Choc,Saint-Georges,http://www.modechoc.ca/,+1 418-221-6850,4.4,331,maps:boutique en ligne
2-Shopify/ecommerce,A,Atelier-Boutique La Bobine Coquine,Saint-Georges,https://www.labobinecoquine.ca/accueil,+1 418-215-5040,4.0,1,maps:boutique en ligne
4-Placement,B,Groupe Perspective,Lévis,http://www.groupeperspective.com/,+1 418-830-8900,3.7,3,maps:agence de placement de personnel
4-Placement,B,Connexion Emploi Ressources,Lévis,https://www.connexionemploiressources.com/,+1 418-839-3109,5.0,27,maps:agence de placement de personnel
4-Placement,B,Ancia - Partenaire d'affaires en recrutement,Lévis,https://www.ancia.ca/,+1 418-839-6600,4.4,47,maps:agence de placement de personnel
4-Placement,B,Les Spécialistes en Services,Saint-Nicolas,http://www.specialistesenservices.com/,+1 418-831-3952,4.6,7,maps:agence de placement de personnel
4-Placement,B,rm recrutement international (Groupe RM),Lévis,http://www.groupe-rm.ca/,+1 418-831-3337,4.2,17,maps:agence de placement de personnel
4-Placement,B,Recruto,Charny,http://www.recruto.ca/,+1 581-803-0203,5.0,2,maps:agence de placement de personnel
5-Soins/RPA/EÉSAD,B,M.E.L. à domicile,Lévis,https://www.meladomicile.ca/,+1 418-837-6420,,,maps:soins à domicile
5-Soins/RPA/EÉSAD,B,Coopérative de services Rive-Sud (EÉSAD),Lévis,http://www.servicesrivesud.com/,+1 418-838-4019,2.2,10,maps:soins à domicile
5-Soins/RPA/EÉSAD,B,MON-INFIRMIERE.CA,Lévis,https://mon-infirmiere.ca/,+1 418-838-1551,5.0,17,maps:soins à domicile
5-Soins/RPA/EÉSAD,B,Clinique de Soins Infirmiers de Lévis,Saint-Nicolas,http://www.cliniquedesoinsinfirmiers.com/,+1 418-903-7399,5.0,205,maps:soins à domicile
5-Soins/RPA/EÉSAD,B,Clinique de soins infirmiers la Patte Dorée,Lévis,https://www.infirmierelevis.com/,+1 418-446-3959,5.0,8,maps:soins à domicile
5-Soins/RPA/EÉSAD,B,L'Accalmie répit (The Lull),Lévis,http://laccalmie-repit.com/,+1 418-837-2172,,,maps:soins à domicile
5-Soins/RPA/EÉSAD,B,Résidence Le Charnycois,Charny,http://www.lecharnycois.ca/,+1 418-832-5143,4.9,73,maps:soins à domicile
5-Soins/RPA/EÉSAD,B,Résidence Villa Mon Repos,Lévis,http://www.villamonrepos.net/,+1 418-833-0323,4.6,21,maps:résidence pour aînés
5-Soins/RPA/EÉSAD,B,Résidence Du Precieux Sang,Lévis,http://www.precieuxsang.com/,+1 418-837-3715,4.6,63,maps:résidence pour aînés
5-Soins/RPA/EÉSAD,B,Capella Lévis,Lévis,https://capellalevis.com/,+1 418-431-9959,4.4,8,maps:résidence pour aînés
5-Soins/RPA/EÉSAD,B,Résidence Monseigneur Bourget,Lévis,http://www.residence-mgrbourget.ca/,+1 418-835-0971,2.8,12,maps:résidence pour aînés
5-Soins/RPA/EÉSAD,B,Résidence des Pionniers,Saint-Nicolas,https://www.residencedespionniers.com/,+1 418-831-1859,4.6,8,maps:résidence pour aînés
5-Soins/RPA/EÉSAD,B,Résidence Le Conf'Or,Saint-Rédempteur,http://www.residenceleconfor.com/,+1 418-831-8498,5.0,2,maps:résidence pour aînés
5-Soins/RPA/EÉSAD,B,Le Saint-Laurent-Lévis,Lévis,https://www.lestlaurent.com/,+1 418-833-9955,5.0,1,maps:résidence pour aînés
5-Soins/RPA/EÉSAD,B,Pavillon Sekoïa,Lévis,,+1 418-833-6222,4.1,27,maps:résidence pour aînés
5-Soins/RPA/EÉSAD,B,Résidence Déziel pour personnes âgées,Lévis,,+1 418-833-3798,5.0,3,maps:résidence pour aînés
5-Soins/RPA/EÉSAD,B,Manoir Gilbert,Charny,,+1 418-832-7451,5.0,5,maps:résidence pour aînés
5-Soins/RPA/EÉSAD,B,Résidence Kennedy,Pintendre,,+1 418-833-6497,4.5,2,maps:résidence pour aînés
5-Soins/RPA/EÉSAD,B,Résidence Saint-Antoine (Eben),Lévis,https://www.ebenresidences.ca/residence-saint-antoine,+1 418-839-9909,4.6,32,maps:résidence pour aînés
5-Soins/RPA/EÉSAD,B,Résidence Breakeyville (Corp. Habitations pour Aînés),Lévis,http://www.logislevis.com/fr/immeubles/residence-pour-aines-de-breakeyville,+1 418-832-1758,4.7,9,maps:résidence pour aînés
5-Soins/RPA/EÉSAD,B,Villa Des Aînés De St-Romuald,Saint-Romuald,,+1 418-839-6071,5.0,1,maps:résidence pour aînés
5-Soins/RPA/EÉSAD,B,Résidence Le Havre De Saint-Jean-Chrysostome,Saint-Jean-Chrysostome,,+1 418-834-5911,,,maps:résidence pour aînés
5-Soins/RPA/EÉSAD,B,Centre d'Accueil St-Joseph de Lévis,Lévis,http://www.castjoseph.com/,+1 418-833-3414,4.1,9,maps:soins à domicile
1-IA/tech/SaaS/agences,B,NordAI,Saint-Romuald,https://nordai.ca/,+1 418-473-7700,5.0,12,maps:entreprise de logiciel
1-IA/tech/SaaS/agences,B,Neo Carbone,Charny,http://neocarbone.ai/,+1 418-506-0789,5.0,10,maps:entreprise de logiciel
1-IA/tech/SaaS/agences,B,IT-DIRECT Automatisation IA,Lévis,https://it-direct.ca/,+1 514-462-9866,5.0,4,maps:entreprise de logiciel
1-IA/tech/SaaS/agences,B,Logiciels Info-Data inc.,Charny,https://infodata.ca/,+1 581-700-0395,4.3,6,maps:entreprise de logiciel
1-IA/tech/SaaS/agences,B,Ofys,Charny,https://ofys.ca/,+1 514-819-0795,,,maps:entreprise de logiciel
1-IA/tech/SaaS/agences,B,13e Solution,Lévis,https://www.13esolution.com/,+1 418-905-3859,5.0,3,maps:entreprise de logiciel
1-IA/tech/SaaS/agences,B,Monitoo Software,Lévis,https://monitoo.ca/,+1 367-380-9585,,,maps:entreprise de logiciel
1-IA/tech/SaaS/agences,B,G5 Solutions,Saint-Nicolas,http://g5solutions.ca/,+1 418-831-2355,,,maps:entreprise de logiciel
1-IA/tech/SaaS/agences,B,Sarrinfo,Lévis,http://sarrinfo.com/,+1 514-825-5555,,,maps:entreprise de logiciel
1-IA/tech/SaaS/agences,B,Agence MIDO,Lévis,http://www.agencemido.com/,+1 581-984-9971,5.0,127,maps:agence web
1-IA/tech/SaaS/agences,B,Tête à Papineau - Marketing Créatif,Saint-Jean-Chrysostome,https://teteapapineau.com/,+1 581-988-8192,5.0,58,maps:agence web
1-IA/tech/SaaS/agences,B,Plein la tête,Saint-Romuald,https://www.pleinlatete.ca/,+1 418-473-3517,5.0,21,maps:agence web
1-IA/tech/SaaS/agences,B,LEPAPEIA,Lévis,https://lepapeia.ca/,+1 418-558-2027,,,maps:agence web
1-IA/tech/SaaS/agences,B,Marketing Lévis,Lévis,https://marketinglevis.com/,+1 418-576-3873,5.0,4,maps:agence web
1-IA/tech/SaaS/agences,B,Dose l'agence Média,Saint-Nicolas,http://www.dosemedia.ca/,+1 418-922-5722,,,maps:agence web
1-IA/tech/SaaS/agences,B,Lgdm,Saint-Nicolas,http://www.lgdm.ca/,+1 581-988-2615,5.0,4,maps:agence web
2-Shopify/ecommerce,B,shopelia.ca (agence e-commerce),Lévis,https://shopelia.ca/,+1 438-229-9337,,,maps:agence web
2-Shopify/ecommerce,B,Liquid solution (agence e-commerce),Pintendre,https://www.liquidsolution.ca/,+1 438-379-1875,5.0,1,maps:agence web
2-Shopify/ecommerce,B,Friperie En Ligne Tendance Mode,Lévis,https://friperieenlignetendancemode.ca/,,5.0,181,maps:boutique en ligne
2-Shopify/ecommerce,B,E-LEK.CA,Lévis,https://e-lek.ca/,+1 418-573-9585,5.0,130,maps:boutique en ligne
2-Shopify/ecommerce,B,Matelas Dauphin,Lévis,https://matelasdauphin.com/,+1 418-204-2188,4.9,1486,maps:boutique en ligne
2-Shopify/ecommerce,B,Boutique Militaire et Tactique RMS,Lévis,http://rmsmil.com/,+1 418-263-3440,4.6,73,maps:boutique en ligne
2-Shopify/ecommerce,B,5-0 Boardshop,Lévis,https://www.5-0.com/,+1 418-834-4555,4.8,142,maps:boutique en ligne
2-Shopify/ecommerce,B,Mirage Beauté Et Robes De Bal,Lévis,http://www.miragebeaute.com/,+1 418-832-0111,4.9,431,maps:boutique en ligne
2-Shopify/ecommerce,B,MO MODE Prêt à Porter,Charny,http://www.momode.ca/,+1 418-832-8885,4.9,11,maps:boutique en ligne
2-Shopify/ecommerce,B,Alicia Sanchez épicerie fine,Lévis,http://www.aliciasanchez.ca/,+1 418-831-1456,4.9,277,maps:boutique en ligne
2-Shopify/ecommerce,B,Sports Contact,Lévis,http://www.sportscontact.ca/,+1 418-836-2024,4.8,166,maps:boutique en ligne
2-Shopify/ecommerce,B,AnimObouffe St-Jean-Chrysostome,Lévis,https://animobouffe.com/,+1 418-839-1798,4.8,338,maps:boutique en ligne
2-Shopify/ecommerce,B,Groupe Boutique Le Vignoble,Lévis,https://www.levignoble.com/,+1 418-831-3166,4.7,116,maps:boutique en ligne
2-Shopify/ecommerce,B,Laliberté Électronique,Lévis,http://www.laliberteelectronique.com/,+1 418-839-4328,5.0,810,maps:boutique en ligne
4-Placement,C,Placement De Personnel Maxsys,Québec,,+1 418-622-4443,4.3,32,maps:agence de placement de personnel
4-Placement,C,Côté Personnel Ressources humaines,Québec,https://www.cotepersonnel.com/,+1 418-688-0880,4.9,55,maps:agence de placement de personnel
4-Placement,C,Harfang Santé (placement santé),Québec,http://www.harfangsante.com/,+1 418-692-0992,3.0,4,maps:agence de placement de personnel
4-Placement,C,Gedeon Evald Agence de placement en santé,Québec,https://agencegedeon.ca/,+1 418-454-1452,5.0,1,maps:agence de placement de personnel
4-Placement,C,MaP Santé,Québec,http://mapsante.ca/,+1 581-984-7384,4.9,14,maps:agence de placement de personnel
4-Placement,C,Services et Organisation de Soins inc (SOS Santé),Québec,http://www.sos-sante.ca/,+1 418-650-4408,,,maps:agence de placement de personnel
4-Placement,C,MON+ Multi Options Nursing,Québec,https://monplus.ca/,(877) 333-7439,4.3,6,maps:agence de placement de personnel
4-Placement,C,Placement Erisma,Québec,https://placementerisma.com/,+1 418-683-7224,4.0,1,maps:agence de placement de personnel
4-Placement,C,Le Groupe MIR Plus Inc,Québec,https://legroupemirplus.com/,+1 581-888-0072,4.4,8,maps:agence de placement de personnel
4-Placement,C,Les Services MostPro,Québec,https://lesservicesmostpro.com/,+1 581-991-4224,5.0,4,maps:agence de placement de personnel
4-Placement,C,Agence Solutions RH,Québec,http://www.agencesolutionsrh.ca/,+1 581-459-6211,,,maps:agence de placement de personnel
4-Placement,C,Placement Lavora,Québec,https://lavora.ca/,+1 418-704-7866,5.0,8,maps:agence de placement de personnel
4-Placement,C,Groupe Larose & Placement Inc.,Québec,http://www.groupe-larose.ca/,+1 367-330-4116,4.8,22,maps:agence de placement de personnel
4-Placement,C,Job Alliance,Québec,http://www.job-alliance.com/,+1 418-781-1924,5.0,8,maps:agence de placement de personnel
4-Placement,C,Expertise Recrutement Canada Immigration,Québec,http://groupeerci.com/,+1 438-336-9452,5.0,1,maps:agence de placement de personnel
4-Placement,C,GERPLUS Gestion Emploi Recrutement,Québec,http://www.gerplus.ca/,(877) 242-6162,4.4,7,maps:agence de placement de personnel
4-Placement,C,Extra multi-ressources,Sainte-Foy,https://www.extraressources.ca/,+1 418-681-7173,3.8,48,maps:agence de placement de personnel
5-Soins/RPA/EÉSAD,C,DeviSolution - Soins à Domicile Beauport,Québec,http://devisolution.com/,+1 418-476-0175,4.9,8,maps:soins à domicile
5-Soins/RPA/EÉSAD,C,Soins Santé GC,Québec,http://www.soinssantegc.com/,+1 418-564-8129,4.9,712,maps:soins à domicile
5-Soins/RPA/EÉSAD,C,Soins & Assistance FAB Inc.,Québec,https://soinsassistancefab.ca/,+1 581-989-7684,2.5,8,maps:soins à domicile
5-Soins/RPA/EÉSAD,C,RafaSoins,Québec,https://www.grouperafa.com/,+1 581-728-2519,,,maps:soins à domicile
5-Soins/RPA/EÉSAD,C,Soins à la maison,Québec,https://soinsalamaison.ca/,+1 418-440-5091,1.0,1,maps:soins à domicile
5-Soins/RPA/EÉSAD,C,Temps d'Aide Chez Soi,Québec,https://tempsdaidechezsoi.com/,+1 418-842-9791,2.8,9,maps:soins à domicile
5-Soins/RPA/EÉSAD,C,Coopérative Services A Domicile Orléans (EÉSAD),Québec,https://aideorleans.ca/,+1 418-664-2222,3.9,8,maps:soins à domicile
5-Soins/RPA/EÉSAD,C,Actusanté inc.,Québec,,+1 418-800-2954,,,maps:soins à domicile
5-Soins/RPA/EÉSAD,C,Résidence du Collège,Québec,http://www.residenceducollege.com/,+1 418-664-1587,4.9,10,maps:résidence pour aînés
5-Soins/RPA/EÉSAD,C,Résidence Saint-François,Québec,http://www.residencestfrancois.com/,+1 418-626-7575,4.7,10,maps:résidence pour aînés
5-Soins/RPA/EÉSAD,C,Résidence Le long des Berges,Québec,http://www.lelongdesberges.com/,+1 418-525-8488,5.0,4,maps:résidence pour aînés
5-Soins/RPA/EÉSAD,C,Résidence Cardinal Vachon,Québec,https://www.residencecardinalvachon.com/,+1 418-666-7953,4.5,26,maps:résidence pour aînés
5-Soins/RPA/EÉSAD,C,Place Alexandra,Québec,http://placealexandra.ca/,+1 418-666-7636,4.3,37,maps:résidence pour aînés
5-Soins/RPA/EÉSAD,C,Résidence Ste-Anne,Québec,https://www.residencesteanne.ca/,+1 418-667-6758,4.6,5,maps:résidence pour aînés
5-Soins/RPA/EÉSAD,C,Les Jardins du Manoir,Québec,https://www.lesjardinsdumanoir.com/,+1 418-660-5959,4.4,17,maps:résidence pour aînés
5-Soins/RPA/EÉSAD,C,Pavillon de Claire,Québec,http://lepavillondeclaire.ca/,+1 418-682-8070,4.0,4,maps:résidence pour aînés
5-Soins/RPA/EÉSAD,C,Auberge Aux 3 Pignons Inc,Québec,http://www.auberge-aux-trois-pignons.ca/,+1 418-666-7707,3.2,25,maps:résidence pour aînés
5-Soins/RPA/EÉSAD,C,Groupe Thomassin (RPA),Québec,http://groupethomassin.com/,+1 418-686-3242,3.0,4,maps:résidence pour aînés
1-IA/tech/SaaS/agences,C,Solution Nexam inc.,Québec,https://nexam.io/,+1 418-794-1409,5.0,25,maps:entreprise de logiciel
1-IA/tech/SaaS/agences,C,Collabox,Québec,https://www.collabox.com/,+1 418-907-9274,5.0,7,maps:entreprise de logiciel
1-IA/tech/SaaS/agences,C,Momenteo,Québec,https://fr.momenteo.com/,+1 418-694-2033,4.1,28,maps:entreprise de logiciel
1-IA/tech/SaaS/agences,C,Octane Technologies Inc.,Québec,https://www.octanetechno.com/,+1 581-681-0581,,,maps:entreprise de logiciel
1-IA/tech/SaaS/agences,C,Emergensys Solutions,Québec,http://www.emergensys.net/,+1 418-380-8911,5.0,1,maps:entreprise de logiciel
1-IA/tech/SaaS/agences,C,Novatize,Québec,http://novatize.com/,+1 418-210-0163,5.0,34,maps:agence web
1-IA/tech/SaaS/agences,C,Agence Edgar,Québec,https://agenceedgar.ca/,+1 418-476-3121,4.9,13,maps:agence web
1-IA/tech/SaaS/agences,C,Les Mauvais Garçons,Québec,https://lesmauvaisgarcons.ca/,+1 581-741-6472,4.9,18,maps:agence web
2-Shopify/ecommerce,C,Article 721,Québec,https://article721.com/,+1 581-742-4333,4.7,110,maps:boutique en ligne
2-Shopify/ecommerce,C,Jupon Pressé,Québec,https://juponpresse.com/,+1 418-704-7114,4.7,71,maps:boutique en ligne
2-Shopify/ecommerce,C,Boutique Séraphin,Québec,https://boutiqueseraphin.com/,+1 418-522-2533,4.5,74,maps:boutique en ligne
2-Shopify/ecommerce,C,Faux Mouvement,Québec,http://fauxmouvement.cc/,+1 581-978-3289,4.7,179,maps:boutique en ligne
2-Shopify/ecommerce,C,Zozo et Arty,Québec,http://zozoetarty.com/,+1 418-527-8375,4.9,76,maps:boutique en ligne
2-Shopify/ecommerce,C,Marie fil,Québec,http://www.mariefil.com/,+1 418-624-1869,4.9,73,maps:boutique en ligne
2-Shopify/ecommerce,C,Boutique Othersea Bikini Café,Québec,http://www.otherseabikini.com/,,4.8,113,maps:boutique en ligne
2-Shopify/ecommerce,C,Qlassic,Québec,http://www.qlassic.ca/,+1 418-626-8111,4.7,197,maps:boutique en ligne
4-Placement,D,Métier Plus,Saint-Léonard,https://metierplus.com/,+1 514-328-6212,4.7,178,maps:agence de placement de personnel
4-Placement,D,ASPM,Montréal,http://www.agenceaspm.com/,+1 514-402-1313,4.6,2170,maps:agence de placement de personnel
4-Placement,D,Forstaff Agence de Placement,Saint-Léonard,https://forstaff.ca/,+1 438-844-1943,3.9,26,maps:agence de placement de personnel
4-Placement,D,L'Agence Services Santé,Montréal-Nord,https://agenceservicessante.humakare.ca/,+1 514-324-4448,3.9,31,maps:agence de placement de personnel
4-Placement,D,Dynamique Emploi Inc.,Montréal,http://www.dynamiquemploi.com/,+1 514-389-8064,4.3,3,maps:agence de placement de personnel
4-Placement,D,Code Bleu placement en santé,Montréal,http://www.codebleu.ca/,+1 514-523-0415,3.9,82,maps:agence de placement de personnel
4-Placement,D,Placement Prohad,Saint-Laurent,https://www.prohad.com/,+1 514-286-1159,4.6,15,maps:agence de placement de personnel
4-Placement,D,Serespro,Montréal,https://www.serespro.com/,+1 514-251-0060,4.8,227,maps:agence de placement de personnel
4-Placement,D,Kartago Services Inc,Montréal,https://kartagoservices.com/,+1 514-418-1500,4.5,229,maps:agence de placement de personnel
4-Placement,D,SupExcel Emplois,Saint-Laurent,http://www.supexcel.com/,+1 438-819-6924,4.6,20,maps:agence de placement de personnel
4-Placement,D,Idea Service,Saint-Laurent,http://idea-service.ca/,+1 514-334-5555,4.1,81,maps:agence de placement de personnel
4-Placement,D,Excel personnel inc,Montréal,http://www.excel-personnel.ca/,+1 514-931-4251,3.7,51,maps:agence de placement de personnel
4-Placement,D,Personnel Alter Ego,Montréal,https://alterego.jobs/,+1 514-939-7177,4.7,25,maps:agence de placement de personnel
5-Soins/RPA/EÉSAD,D,Nela Santé,Montréal,https://nelasante.com/,+1 514-608-6352,5.0,167,maps:soins à domicile
5-Soins/RPA/EÉSAD,D,Agence Jacqueline Soins Inc.,Montréal,http://www.agencejacquelinesoins.ca/,+1 438-506-5528,5.0,7,maps:soins à domicile
5-Soins/RPA/EÉSAD,D,A+ Solutions Home Health Care Inc,Montréal,https://www.aplushomecare.ca/,+1 514-999-8009,4.9,43,maps:soins à domicile
5-Soins/RPA/EÉSAD,D,P.E Santé Inc,Montréal,http://pesanteinc.com/,(800) 987-0479,4.7,14,maps:soins à domicile
5-Soins/RPA/EÉSAD,D,SOINS RYMED INC.,Montréal,https://soinsrymed.com/,+1 514-331-1629,4.7,44,maps:soins à domicile
5-Soins/RPA/EÉSAD,D,MCV Agence de Soins à Domicile,Anjou,https://www.mcvhomecare.ca/,+1 438-388-1709,5.0,1,maps:soins à domicile
5-Soins/RPA/EÉSAD,D,Flora - Gestion de personnes inaptes et soins à domicile,Montréal,https://florasante.ca/,+1 514-228-5374,5.0,5,maps:soins à domicile
5-Soins/RPA/EÉSAD,D,Soins de Santé Confort Élite,Outremont,https://confortelite.ca/,+1 514-419-9636,2.4,11,maps:soins à domicile
5-Soins/RPA/EÉSAD,D,Soins à domicile Montréal,Montréal-Nord,http://www.soinsadomicile.com/,+1 514-324-8292,4.2,6,maps:soins à domicile
5-Soins/RPA/EÉSAD,D,Résidence Selena,Montréal,https://residenceselena.com/,+1 438-230-2702,4.1,13,maps:résidence pour aînés
5-Soins/RPA/EÉSAD,D,La Residence Sheppard et James,Montréal,https://www.laresidencesheppardetjames.com/,+1 438-814-2379,4.8,61,maps:résidence pour aînés
5-Soins/RPA/EÉSAD,D,Manoir Gouin,Montréal,https://manoirgouin.com/,+1 514-335-1881,4.6,17,maps:résidence pour aînés
5-Soins/RPA/EÉSAD,D,Résidence Outremont,Montréal,https://www.residenceoutremont.com/,+1 514-271-1284,5.0,5,maps:résidence pour aînés
5-Soins/RPA/EÉSAD,D,Manoir de Casson,Saint-Laurent,https://www.manoirdecasson.com/,+1 514-748-1396,4.4,9,maps:résidence pour aînés
1-IA/tech/SaaS/agences,D,HybridIA - Agence Web Montréal,Anjou,https://hybridia.ca/,+1 514-572-7758,5.0,6,maps:agence web
1-IA/tech/SaaS/agences,D,Aide Plus Pour IA,Montréal,,+1 514-656-4612,,,maps:entreprise de logiciel
1-IA/tech/SaaS/agences,D,Kiwili - Logiciel de gestion ERP,Montréal,https://www.kiwili.com/,,4.9,143,maps:entreprise de logiciel
1-IA/tech/SaaS/agences,D,eXolnet,Montréal,https://www.exolnet.com/,+1 514-447-5217,5.0,53,maps:entreprise de logiciel
1-IA/tech/SaaS/agences,D,Kasvu Digital,Montréal,https://kasvu.ca/,+1 514-700-6464,5.0,14,maps:agence web
1-IA/tech/SaaS/agences,D,WEB BOOSTER 360°,Montréal,https://webbooster360.ca/,+1 514-500-2025,5.0,64,maps:agence web
1-IA/tech/SaaS/agences,D,MangoLab.io,Montréal,https://mangolab.io/,+1 514-974-3129,5.0,2,maps:agence web
2-Shopify/ecommerce,D,TAMÉLO BOUTIQUE,Montréal,https://tameloboutique.com/,,4.8,380,maps:boutique en ligne
2-Shopify/ecommerce,D,JE M'AIME 14+,Montréal,https://jemaime.ca/,+1 514-971-1764,4.9,85,maps:boutique en ligne
2-Shopify/ecommerce,D,Boutique en ligne All Tides,Montréal,https://www.alltides.com/,(844) 948-1021,3.1,39,maps:boutique en ligne
2-Shopify/ecommerce,D,Perruques Zoé – Le Showroom,Montréal,https://perruqueszoe.com/,+1 514-508-6716,5.0,14,maps:boutique en ligne
2-Shopify/ecommerce,D,Boutique Takwa,Montréal,http://www.boutiquetakwa.com/,+1 514-677-9383,4.6,673,maps:boutique en ligne
2-Shopify/ecommerce,D,Club Bead Montréal,Montréal,https://clubbead.com/,+1 514-904-0224,4.4,247,maps:boutique en ligne
2-Shopify/ecommerce,D,Boutique Les Copines,Montréal,http://boutiquelescopines.com/,+1 450-756-9648,4.9,34,maps:boutique en ligne
